Date,search_term,Sentiment_Pred_x,TweetCleaned,Sentiment_Pred_y,Sentiment_Score
03/01/2020,covid,148,269,269,0.550185873605948
03/01/2020,covid-19,268,500,500,0.536
03/01/2020,lockdown,25,31,31,0.8064516129032258
03/01/2020,lysol,12,14,14,0.8571428571428571
03/01/2020,pandemic,138,250,250,0.552
03/01/2020,quarantine,78,157,157,0.4968152866242038
03/01/2020,vaccine,18,21,21,0.8571428571428571
03/02/2020,covid,258,500,500,0.516
03/02/2020,covid-19,281,500,500,0.562
03/02/2020,lockdown,35,51,51,0.6862745098039216
03/02/2020,lysol,91,108,108,0.8425925925925926
03/02/2020,pandemic,261,460,460,0.5673913043478261
03/02/2020,quarantine,125,239,239,0.5230125523012552
03/02/2020,vaccine,244,314,314,0.7770700636942676
03/03/2020,covid,258,499,499,0.5170340681362725
03/03/2020,covid-19,249,499,499,0.49899799599198397
03/03/2020,lockdown,47,55,55,0.8545454545454545
03/03/2020,lysol,131,158,158,0.8291139240506329
03/03/2020,pandemic,241,428,428,0.5630841121495327
03/03/2020,quarantine,149,251,251,0.5936254980079682
03/03/2020,vaccine,356,500,500,0.712
03/04/2020,covid,254,500,500,0.508
03/04/2020,covid-19,274,500,500,0.548
03/04/2020,lockdown,42,57,57,0.7368421052631579
03/04/2020,lysol,92,128,128,0.71875
03/04/2020,pandemic,185,334,334,0.5538922155688623
03/04/2020,quarantine,119,199,199,0.5979899497487438
03/04/2020,vaccine,290,404,404,0.7178217821782178
03/05/2020,covid,245,500,500,0.49
03/05/2020,covid-19,250,500,500,0.5
03/05/2020,lockdown,29,42,42,0.6904761904761905
03/05/2020,lysol,127,161,161,0.7888198757763976
03/05/2020,pandemic,228,399,399,0.5714285714285714
03/05/2020,quarantine,170,314,314,0.5414012738853503
03/05/2020,vaccine,298,384,384,0.7760416666666666
03/06/2020,covid,239,500,500,0.478
03/06/2020,covid-19,259,500,500,0.518
03/06/2020,lockdown,37,54,54,0.6851851851851852
03/06/2020,lysol,114,135,135,0.8444444444444444
03/06/2020,pandemic,319,500,500,0.638
03/06/2020,quarantine,191,388,388,0.49226804123711343
03/06/2020,vaccine,264,354,354,0.7457627118644068
03/07/2020,covid,260,499,499,0.5210420841683366
03/07/2020,covid-19,274,500,500,0.548
03/07/2020,lockdown,42,60,60,0.7
03/07/2020,lysol,114,139,139,0.8201438848920863
03/07/2020,pandemic,291,500,500,0.582
03/07/2020,quarantine,236,475,475,0.4968421052631579
03/07/2020,vaccine,199,266,266,0.7481203007518797
03/08/2020,covid,251,500,500,0.502
03/08/2020,covid-19,256,499,499,0.5130260521042084
03/08/2020,lockdown,72,105,105,0.6857142857142857
03/08/2020,lysol,87,103,103,0.8446601941747572
03/08/2020,pandemic,308,500,500,0.616
03/08/2020,quarantine,257,500,500,0.514
03/08/2020,vaccine,223,287,287,0.7770034843205574
03/09/2020,covid,272,499,499,0.5450901803607214
03/09/2020,covid-19,260,500,500,0.52
03/09/2020,lockdown,144,218,218,0.6605504587155964
03/09/2020,lysol,119,158,158,0.7531645569620253
03/09/2020,pandemic,319,500,500,0.638
03/09/2020,quarantine,271,500,500,0.542
03/09/2020,vaccine,390,489,489,0.7975460122699386
03/10/2020,covid,245,500,500,0.49
03/10/2020,covid-19,278,499,499,0.5571142284569138
03/10/2020,lockdown,211,298,298,0.7080536912751678
03/10/2020,lysol,190,237,237,0.8016877637130801
03/10/2020,pandemic,287,500,500,0.574
03/10/2020,quarantine,277,499,499,0.5551102204408818
03/10/2020,vaccine,357,454,454,0.7863436123348018
03/11/2020,covid,251,500,500,0.502
03/11/2020,covid-19,272,500,500,0.544
03/11/2020,lockdown,136,212,212,0.6415094339622641
03/11/2020,lysol,228,274,274,0.8321167883211679
03/11/2020,pandemic,295,500,500,0.59
03/11/2020,quarantine,273,500,500,0.546
03/11/2020,vaccine,326,454,454,0.7180616740088106
03/12/2020,covid,282,500,500,0.564
03/12/2020,covid-19,286,500,500,0.572
03/12/2020,lockdown,313,500,500,0.626
03/12/2020,lysol,423,500,500,0.846
03/12/2020,pandemic,301,500,500,0.602
03/12/2020,quarantine,266,500,500,0.532
03/12/2020,vaccine,386,500,500,0.772
03/13/2020,covid,259,500,500,0.518
03/13/2020,covid-19,273,500,500,0.546
03/13/2020,lockdown,322,500,500,0.644
03/13/2020,lysol,401,500,500,0.802
03/13/2020,pandemic,303,500,500,0.606
03/13/2020,quarantine,274,500,500,0.548
03/13/2020,vaccine,397,500,500,0.794
03/14/2020,covid,262,499,499,0.5250501002004008
03/14/2020,covid-19,257,500,500,0.514
03/14/2020,lockdown,360,500,500,0.72
03/14/2020,lysol,374,455,455,0.8219780219780219
03/14/2020,pandemic,302,500,500,0.604
03/14/2020,quarantine,304,500,500,0.608
03/14/2020,vaccine,375,500,500,0.75
03/15/2020,covid,282,500,500,0.564
03/15/2020,covid-19,288,500,500,0.576
03/15/2020,lockdown,319,500,500,0.638
03/15/2020,lysol,295,364,364,0.8104395604395604
03/15/2020,pandemic,321,500,500,0.642
03/15/2020,quarantine,297,500,500,0.594
03/15/2020,vaccine,353,500,500,0.706
03/16/2020,covid,264,500,500,0.528
03/16/2020,covid-19,258,500,500,0.516
03/16/2020,lockdown,323,500,500,0.646
03/16/2020,lysol,314,385,385,0.8155844155844156
03/16/2020,pandemic,300,500,500,0.6
03/16/2020,quarantine,310,500,500,0.62
03/16/2020,vaccine,367,500,500,0.734
03/17/2020,covid,241,500,500,0.482
03/17/2020,covid-19,273,500,500,0.546
03/17/2020,lockdown,312,499,499,0.625250501002004
03/17/2020,lysol,238,306,306,0.7777777777777778
03/17/2020,pandemic,287,500,500,0.574
03/17/2020,quarantine,293,500,500,0.586
03/17/2020,vaccine,384,500,500,0.768
03/18/2020,covid,265,500,500,0.53
03/18/2020,covid-19,267,500,500,0.534
03/18/2020,lockdown,305,500,500,0.61
03/18/2020,lysol,245,298,298,0.8221476510067114
03/18/2020,pandemic,300,500,500,0.6
03/18/2020,quarantine,291,500,500,0.582
03/18/2020,vaccine,382,500,500,0.764
03/19/2020,covid,259,500,500,0.518
03/19/2020,covid-19,270,500,500,0.54
03/19/2020,lockdown,347,500,500,0.694
03/19/2020,lysol,220,260,260,0.8461538461538461
03/19/2020,pandemic,301,500,500,0.602
03/19/2020,quarantine,289,500,500,0.578
03/19/2020,vaccine,366,500,500,0.732
03/20/2020,covid,282,500,500,0.564
03/20/2020,covid-19,275,500,500,0.55
03/20/2020,lockdown,336,500,500,0.672
03/20/2020,lysol,219,266,266,0.8233082706766918
03/20/2020,pandemic,300,500,500,0.6
03/20/2020,quarantine,311,500,500,0.622
03/20/2020,vaccine,385,500,500,0.77
03/21/2020,covid,262,499,499,0.5250501002004008
03/21/2020,covid-19,260,500,500,0.52
03/21/2020,lockdown,331,500,500,0.662
03/21/2020,lysol,176,216,216,0.8148148148148148
03/21/2020,pandemic,282,500,500,0.564
03/21/2020,quarantine,299,500,500,0.598
03/21/2020,vaccine,371,500,500,0.742
03/22/2020,covid,257,500,500,0.514
03/22/2020,covid-19,248,500,500,0.496
03/22/2020,lockdown,328,500,500,0.656
03/22/2020,lysol,173,200,200,0.865
03/22/2020,pandemic,296,500,500,0.592
03/22/2020,quarantine,305,500,500,0.61
03/22/2020,vaccine,353,490,490,0.7204081632653061
03/23/2020,covid,236,500,500,0.472
03/23/2020,covid-19,250,500,500,0.5
03/23/2020,lockdown,350,500,500,0.7
03/23/2020,lysol,172,203,203,0.8472906403940886
03/23/2020,pandemic,302,500,500,0.604
03/23/2020,quarantine,280,500,500,0.56
03/23/2020,vaccine,349,467,467,0.7473233404710921
03/24/2020,covid,274,500,500,0.548
03/24/2020,covid-19,291,500,500,0.582
03/24/2020,lockdown,309,500,500,0.618
03/24/2020,lysol,175,216,216,0.8101851851851852
03/24/2020,pandemic,291,500,500,0.582
03/24/2020,quarantine,307,500,500,0.614
03/24/2020,vaccine,364,486,486,0.7489711934156379
03/25/2020,covid,239,500,500,0.478
03/25/2020,covid-19,253,500,500,0.506
03/25/2020,lockdown,313,500,500,0.626
03/25/2020,lysol,147,184,184,0.7989130434782609
03/25/2020,pandemic,283,500,500,0.566
03/25/2020,quarantine,298,500,500,0.596
03/25/2020,vaccine,329,447,447,0.7360178970917226
03/26/2020,covid,265,500,500,0.53
03/26/2020,covid-19,278,500,500,0.556
03/26/2020,lockdown,315,499,499,0.6312625250501002
03/26/2020,lysol,157,189,189,0.8306878306878307
03/26/2020,pandemic,302,500,500,0.604
03/26/2020,quarantine,273,500,500,0.546
03/26/2020,vaccine,308,403,403,0.7642679900744417
03/27/2020,covid,260,500,500,0.52
03/27/2020,covid-19,250,499,499,0.501002004008016
03/27/2020,lockdown,329,500,500,0.658
03/27/2020,lysol,135,169,169,0.7988165680473372
03/27/2020,pandemic,291,500,500,0.582
03/27/2020,quarantine,292,500,500,0.584
03/27/2020,vaccine,321,424,424,0.7570754716981132
03/28/2020,covid,250,500,500,0.5
03/28/2020,covid-19,247,500,500,0.494
03/28/2020,lockdown,317,499,499,0.6352705410821643
03/28/2020,lysol,154,193,193,0.7979274611398963
03/28/2020,pandemic,313,500,500,0.626
03/28/2020,quarantine,288,500,500,0.576
03/28/2020,vaccine,303,394,394,0.7690355329949239
03/29/2020,covid,267,500,500,0.534
03/29/2020,lockdown,334,500,500,0.668
03/29/2020,lysol,133,163,163,0.8159509202453987
03/29/2020,pandemic,281,500,500,0.562
03/29/2020,quarantine,296,500,500,0.592
03/29/2020,vaccine,316,419,419,0.7541766109785203
04/01/2020,covid,255,500,500,0.51
04/01/2020,covid-19,267,500,500,0.534
04/01/2020,lockdown,306,500,500,0.612
04/01/2020,lysol,13,14,14,0.9285714285714286
04/01/2020,pandemic,292,500,500,0.584
04/01/2020,quarantine,289,500,500,0.578
04/01/2020,vaccine,243,321,321,0.7570093457943925
04/02/2020,covid,237,500,500,0.474
04/02/2020,covid-19,255,500,500,0.51
04/02/2020,lockdown,318,500,500,0.636
04/02/2020,lysol,143,174,174,0.8218390804597702
04/02/2020,pandemic,278,500,500,0.556
04/02/2020,quarantine,303,500,500,0.606
04/02/2020,vaccine,394,500,500,0.788
04/03/2020,covid,255,500,500,0.51
04/03/2020,covid-19,256,499,499,0.5130260521042084
04/03/2020,lockdown,331,500,500,0.662
04/03/2020,lysol,134,147,147,0.9115646258503401
04/03/2020,pandemic,315,500,500,0.63
04/03/2020,quarantine,304,500,500,0.608
04/03/2020,vaccine,383,500,500,0.766
04/04/2020,covid,256,500,500,0.512
04/04/2020,covid-19,269,500,500,0.538
04/04/2020,lockdown,319,499,499,0.6392785571142284
04/04/2020,lysol,109,133,133,0.8195488721804511
04/04/2020,pandemic,281,500,500,0.562
04/04/2020,quarantine,278,500,500,0.556
04/04/2020,vaccine,369,500,500,0.738
04/05/2020,covid,270,500,500,0.54
04/05/2020,covid-19,264,500,500,0.528
04/05/2020,lockdown,316,500,500,0.632
04/05/2020,lysol,87,107,107,0.8130841121495327
04/05/2020,pandemic,293,500,500,0.586
04/05/2020,quarantine,324,500,500,0.648
04/05/2020,vaccine,382,500,500,0.764
04/06/2020,covid,276,500,500,0.552
04/06/2020,covid-19,269,500,500,0.538
04/06/2020,lockdown,305,500,500,0.61
04/06/2020,lysol,84,104,104,0.8076923076923077
04/06/2020,pandemic,284,500,500,0.568
04/06/2020,quarantine,315,500,500,0.63
04/06/2020,vaccine,388,500,500,0.776
04/07/2020,covid,248,500,500,0.496
04/07/2020,covid-19,261,500,500,0.522
04/07/2020,lockdown,315,500,500,0.63
04/07/2020,lysol,114,137,137,0.8321167883211679
04/07/2020,pandemic,286,500,500,0.572
04/07/2020,quarantine,295,500,500,0.59
04/07/2020,vaccine,377,500,500,0.754
04/08/2020,covid,261,500,500,0.522
04/08/2020,covid-19,256,500,500,0.512
04/08/2020,lockdown,331,499,499,0.6633266533066132
04/08/2020,lysol,89,106,106,0.839622641509434
04/08/2020,pandemic,295,500,500,0.59
04/08/2020,quarantine,283,500,500,0.566
04/08/2020,vaccine,376,500,500,0.752
04/09/2020,covid,270,500,500,0.54
04/09/2020,covid-19,270,500,500,0.54
04/09/2020,lockdown,316,500,500,0.632
04/09/2020,lysol,104,121,121,0.859504132231405
04/09/2020,pandemic,269,500,500,0.538
04/09/2020,quarantine,281,500,500,0.562
04/09/2020,vaccine,370,500,500,0.74
04/10/2020,covid,253,500,500,0.506
04/10/2020,covid-19,264,500,500,0.528
04/10/2020,lockdown,314,499,499,0.6292585170340681
04/10/2020,lysol,68,80,80,0.85
04/10/2020,pandemic,297,500,500,0.594
04/10/2020,quarantine,304,500,500,0.608
04/10/2020,vaccine,377,500,500,0.754
04/11/2020,covid,250,500,500,0.5
04/11/2020,covid-19,256,500,500,0.512
04/11/2020,lockdown,317,499,499,0.6352705410821643
04/11/2020,lysol,79,95,95,0.8315789473684211
04/11/2020,pandemic,299,500,500,0.598
04/11/2020,quarantine,294,500,500,0.588
04/11/2020,vaccine,362,500,500,0.724
04/12/2020,covid,280,500,500,0.56
04/12/2020,covid-19,268,500,500,0.536
04/12/2020,lockdown,334,499,499,0.6693386773547094
04/12/2020,lysol,56,68,68,0.8235294117647058
04/12/2020,pandemic,312,500,500,0.624
04/12/2020,quarantine,292,500,500,0.584
04/12/2020,vaccine,366,500,500,0.732
04/13/2020,covid,268,500,500,0.536
04/13/2020,covid-19,259,500,500,0.518
04/13/2020,lockdown,298,500,500,0.596
04/13/2020,lysol,63,71,71,0.8873239436619719
04/13/2020,pandemic,294,500,500,0.588
04/13/2020,quarantine,299,500,500,0.598
04/13/2020,vaccine,376,500,500,0.752
04/14/2020,covid,251,500,500,0.502
04/14/2020,covid-19,272,500,500,0.544
04/14/2020,lockdown,311,500,500,0.622
04/14/2020,lysol,69,75,75,0.92
04/14/2020,pandemic,271,500,500,0.542
04/14/2020,quarantine,282,500,500,0.564
04/14/2020,vaccine,373,500,500,0.746
04/15/2020,covid,248,500,500,0.496
04/15/2020,covid-19,254,500,500,0.508
04/15/2020,lockdown,312,500,500,0.624
04/15/2020,lysol,78,93,93,0.8387096774193549
04/15/2020,pandemic,256,500,500,0.512
04/15/2020,quarantine,303,500,500,0.606
04/15/2020,vaccine,364,500,500,0.728
04/16/2020,covid,279,500,500,0.558
04/16/2020,covid-19,250,500,500,0.5
04/16/2020,lockdown,306,500,500,0.612
04/16/2020,lysol,79,91,91,0.8681318681318682
04/16/2020,pandemic,301,500,500,0.602
04/16/2020,quarantine,274,500,500,0.548
04/16/2020,vaccine,369,500,500,0.738
04/17/2020,covid,271,500,500,0.542
04/17/2020,covid-19,261,500,500,0.522
04/17/2020,lockdown,306,500,500,0.612
04/17/2020,lysol,77,87,87,0.8850574712643678
04/17/2020,pandemic,301,500,500,0.602
04/17/2020,quarantine,287,500,500,0.574
04/17/2020,vaccine,376,500,500,0.752
04/18/2020,covid,258,500,500,0.516
04/18/2020,covid-19,280,500,500,0.56
04/18/2020,lockdown,337,500,500,0.674
04/18/2020,lysol,58,72,72,0.8055555555555556
04/18/2020,pandemic,289,500,500,0.578
04/18/2020,quarantine,271,500,500,0.542
04/18/2020,vaccine,356,500,500,0.712
04/19/2020,covid,259,500,500,0.518
04/19/2020,covid-19,251,500,500,0.502
04/19/2020,lockdown,298,499,499,0.5971943887775552
04/19/2020,lysol,50,62,62,0.8064516129032258
04/19/2020,pandemic,288,500,500,0.576
04/19/2020,quarantine,266,500,500,0.532
04/19/2020,vaccine,361,500,500,0.722
04/20/2020,covid,254,500,500,0.508
04/20/2020,covid-19,247,500,500,0.494
04/20/2020,lockdown,254,500,500,0.508
04/20/2020,lysol,46,54,54,0.8518518518518519
04/20/2020,pandemic,281,500,500,0.562
04/20/2020,quarantine,321,500,500,0.642
04/20/2020,vaccine,363,500,500,0.726
04/21/2020,covid,279,500,500,0.558
04/21/2020,covid-19,266,500,500,0.532
04/21/2020,lockdown,309,499,499,0.6192384769539078
04/21/2020,lysol,54,66,66,0.8181818181818182
04/21/2020,pandemic,296,500,500,0.592
04/21/2020,quarantine,290,500,500,0.58
04/21/2020,vaccine,377,500,500,0.754
04/22/2020,covid,247,500,500,0.494
04/22/2020,covid-19,265,500,500,0.53
04/22/2020,lockdown,302,500,500,0.604
04/22/2020,lysol,57,71,71,0.8028169014084507
04/22/2020,pandemic,322,500,500,0.644
04/22/2020,quarantine,281,500,500,0.562
04/22/2020,vaccine,381,500,500,0.762
04/23/2020,covid,259,500,500,0.518
04/23/2020,covid-19,253,499,499,0.5070140280561122
04/23/2020,lockdown,296,500,500,0.592
04/23/2020,lysol,153,194,194,0.788659793814433
04/23/2020,pandemic,287,500,500,0.574
04/23/2020,quarantine,296,500,500,0.592
04/23/2020,vaccine,370,500,500,0.74
04/24/2020,covid,260,500,500,0.52
04/24/2020,covid-19,249,500,500,0.498
04/24/2020,lockdown,294,500,500,0.588
04/24/2020,lysol,394,498,498,0.7911646586345381
04/24/2020,pandemic,304,500,500,0.608
04/24/2020,quarantine,296,500,500,0.592
04/24/2020,vaccine,369,500,500,0.738
04/25/2020,covid,253,500,500,0.506
04/25/2020,covid-19,262,500,500,0.524
04/25/2020,lockdown,323,500,500,0.646
04/25/2020,lysol,361,499,499,0.7234468937875751
04/25/2020,pandemic,311,500,500,0.622
04/25/2020,quarantine,284,500,500,0.568
04/25/2020,vaccine,375,500,500,0.75
04/26/2020,covid,275,500,500,0.55
04/26/2020,covid-19,264,500,500,0.528
04/26/2020,lockdown,299,500,500,0.598
04/26/2020,lysol,369,500,500,0.738
04/26/2020,pandemic,311,500,500,0.622
04/26/2020,quarantine,288,500,500,0.576
04/26/2020,vaccine,380,500,500,0.76
04/27/2020,covid,249,500,500,0.498
04/27/2020,covid-19,258,500,500,0.516
04/27/2020,lockdown,302,499,499,0.6052104208416834
04/27/2020,lysol,279,378,378,0.7380952380952381
04/27/2020,pandemic,277,500,500,0.554
04/27/2020,quarantine,289,500,500,0.578
04/27/2020,vaccine,393,500,500,0.786
04/28/2020,covid,271,500,500,0.542
04/28/2020,covid-19,266,500,500,0.532
04/28/2020,lockdown,328,500,500,0.656
04/28/2020,lysol,219,289,289,0.7577854671280276
04/28/2020,pandemic,301,500,500,0.602
04/28/2020,quarantine,297,500,500,0.594
04/28/2020,vaccine,393,500,500,0.786
04/29/2020,lysol,131,187,187,0.7005347593582888
05/01/2020,covid,270,499,499,0.5410821643286573
05/01/2020,covid-19,243,499,499,0.48697394789579157
05/01/2020,lockdown,280,500,500,0.56
05/01/2020,lysol,22,28,28,0.7857142857142857
05/01/2020,pandemic,327,500,500,0.654
05/01/2020,quarantine,291,500,500,0.582
05/01/2020,vaccine,254,366,366,0.6939890710382514
05/02/2020,covid,280,500,500,0.56
05/02/2020,covid-19,264,500,500,0.528
05/02/2020,lockdown,299,500,500,0.598
05/02/2020,lysol,53,72,72,0.7361111111111112
05/02/2020,pandemic,289,500,500,0.578
05/02/2020,quarantine,283,500,500,0.566
05/02/2020,vaccine,363,500,500,0.726
05/03/2020,covid,275,500,500,0.55
05/03/2020,covid-19,273,500,500,0.546
05/03/2020,lockdown,314,500,500,0.628
05/03/2020,lysol,77,105,105,0.7333333333333333
05/03/2020,pandemic,297,500,500,0.594
05/03/2020,quarantine,284,500,500,0.568
05/03/2020,vaccine,378,500,500,0.756
05/04/2020,covid,269,500,500,0.538
05/04/2020,covid-19,275,500,500,0.55
05/04/2020,lockdown,290,499,499,0.5811623246492986
05/04/2020,lysol,75,94,94,0.7978723404255319
05/04/2020,pandemic,259,500,500,0.518
05/04/2020,quarantine,280,500,500,0.56
05/04/2020,vaccine,375,500,500,0.75
05/05/2020,covid,285,500,500,0.57
05/05/2020,covid-19,277,500,500,0.554
05/05/2020,lockdown,310,500,500,0.62
05/05/2020,lysol,72,82,82,0.8780487804878049
05/05/2020,pandemic,287,500,500,0.574
05/05/2020,quarantine,294,500,500,0.588
05/05/2020,vaccine,362,500,500,0.724
05/06/2020,covid,258,500,500,0.516
05/06/2020,covid-19,234,500,500,0.468
05/06/2020,lockdown,319,500,500,0.638
05/06/2020,lysol,72,94,94,0.7659574468085106
05/06/2020,pandemic,299,500,500,0.598
05/06/2020,quarantine,266,500,500,0.532
05/06/2020,vaccine,384,500,500,0.768
05/07/2020,covid,262,500,500,0.524
05/07/2020,covid-19,287,500,500,0.574
05/07/2020,lockdown,312,500,500,0.624
05/07/2020,lysol,62,71,71,0.8732394366197183
05/07/2020,pandemic,298,500,500,0.596
05/07/2020,quarantine,306,500,500,0.612
05/07/2020,vaccine,383,500,500,0.766
05/08/2020,covid,279,500,500,0.558
05/08/2020,covid-19,274,500,500,0.548
05/08/2020,lockdown,297,499,499,0.5951903807615231
05/08/2020,lysol,76,91,91,0.8351648351648352
05/08/2020,pandemic,294,500,500,0.588
05/08/2020,quarantine,287,500,500,0.574
05/08/2020,vaccine,385,500,500,0.77
05/09/2020,covid,266,500,500,0.532
05/09/2020,covid-19,263,500,500,0.526
05/09/2020,lockdown,301,500,500,0.602
05/09/2020,lysol,84,101,101,0.8316831683168316
05/09/2020,pandemic,311,500,500,0.622
05/09/2020,quarantine,289,500,500,0.578
05/09/2020,vaccine,375,500,500,0.75
05/10/2020,covid,250,500,500,0.5
05/10/2020,covid-19,258,500,500,0.516
05/10/2020,lockdown,310,499,499,0.6212424849699398
05/10/2020,lysol,61,80,80,0.7625
05/10/2020,pandemic,308,500,500,0.616
05/10/2020,quarantine,298,500,500,0.596
05/10/2020,vaccine,348,449,449,0.7750556792873051
05/11/2020,covid,259,500,500,0.518
05/11/2020,covid-19,276,500,500,0.552
05/11/2020,lockdown,344,500,500,0.688
05/11/2020,lysol,53,66,66,0.803030303030303
05/11/2020,pandemic,310,500,500,0.62
05/11/2020,quarantine,288,500,500,0.576
05/11/2020,vaccine,367,500,500,0.734
05/12/2020,covid,255,500,500,0.51
05/12/2020,covid-19,266,500,500,0.532
05/12/2020,lockdown,322,499,499,0.6452905811623246
05/12/2020,lysol,56,68,68,0.8235294117647058
05/12/2020,pandemic,318,500,500,0.636
05/12/2020,quarantine,311,500,500,0.622
05/12/2020,vaccine,374,500,500,0.748
05/13/2020,covid,275,500,500,0.55
05/13/2020,covid-19,275,500,500,0.55
05/13/2020,lockdown,294,500,500,0.588
05/13/2020,lysol,68,88,88,0.7727272727272727
05/13/2020,pandemic,279,500,500,0.558
05/13/2020,quarantine,286,500,500,0.572
05/13/2020,vaccine,372,500,500,0.744
05/14/2020,covid,270,500,500,0.54
05/14/2020,covid-19,265,500,500,0.53
05/14/2020,lockdown,314,500,500,0.628
05/14/2020,lysol,60,80,80,0.75
05/14/2020,pandemic,283,500,500,0.566
05/14/2020,quarantine,273,500,500,0.546
05/14/2020,vaccine,372,500,500,0.744
05/15/2020,covid,246,499,499,0.49298597194388777
05/15/2020,covid-19,247,500,500,0.494
05/15/2020,lockdown,309,500,500,0.618
05/15/2020,lysol,78,94,94,0.8297872340425532
05/15/2020,pandemic,291,500,500,0.582
05/15/2020,quarantine,279,500,500,0.558
05/15/2020,vaccine,382,500,500,0.764
05/16/2020,covid,269,500,500,0.538
05/16/2020,covid-19,265,500,500,0.53
05/16/2020,lockdown,319,500,500,0.638
05/16/2020,lysol,61,70,70,0.8714285714285714
05/16/2020,pandemic,291,500,500,0.582
05/16/2020,quarantine,279,500,500,0.558
05/16/2020,vaccine,367,500,500,0.734
05/17/2020,covid,256,500,500,0.512
05/17/2020,covid-19,271,500,500,0.542
05/17/2020,lockdown,310,500,500,0.62
05/17/2020,lysol,51,67,67,0.7611940298507462
05/17/2020,pandemic,294,500,500,0.588
05/17/2020,quarantine,296,500,500,0.592
05/17/2020,vaccine,372,500,500,0.744
05/18/2020,covid,260,500,500,0.52
05/18/2020,covid-19,269,500,500,0.538
05/18/2020,lockdown,283,499,499,0.5671342685370742
05/18/2020,lysol,92,112,112,0.8214285714285714
05/18/2020,pandemic,300,500,500,0.6
05/18/2020,quarantine,259,499,499,0.5190380761523046
05/18/2020,vaccine,377,500,500,0.754
05/19/2020,covid,287,500,500,0.574
05/19/2020,covid-19,297,500,500,0.594
05/19/2020,lockdown,303,500,500,0.606
05/19/2020,lysol,95,117,117,0.811965811965812
05/19/2020,pandemic,324,500,500,0.648
05/19/2020,quarantine,281,500,500,0.562
05/19/2020,vaccine,376,500,500,0.752
05/20/2020,covid,271,500,500,0.542
05/20/2020,covid-19,263,500,500,0.526
05/20/2020,lockdown,309,500,500,0.618
05/20/2020,lysol,58,80,80,0.725
05/20/2020,pandemic,300,500,500,0.6
05/20/2020,quarantine,276,500,500,0.552
05/20/2020,vaccine,392,500,500,0.784
05/21/2020,covid,280,500,500,0.56
05/21/2020,covid-19,284,500,500,0.568
05/21/2020,lockdown,297,499,499,0.5951903807615231
05/21/2020,lysol,54,73,73,0.7397260273972602
05/21/2020,pandemic,297,500,500,0.594
05/21/2020,quarantine,286,500,500,0.572
05/21/2020,vaccine,381,500,500,0.762
05/22/2020,covid,276,500,500,0.552
05/22/2020,covid-19,274,500,500,0.548
05/22/2020,lockdown,303,500,500,0.606
05/22/2020,lysol,51,75,75,0.68
05/22/2020,pandemic,299,500,500,0.598
05/22/2020,quarantine,278,500,500,0.556
05/22/2020,vaccine,401,500,500,0.802
05/23/2020,covid,282,500,500,0.564
05/23/2020,covid-19,285,500,500,0.57
05/23/2020,lockdown,298,500,500,0.596
05/23/2020,lysol,67,75,75,0.8933333333333333
05/23/2020,pandemic,332,500,500,0.664
05/23/2020,quarantine,274,500,500,0.548
05/23/2020,vaccine,312,411,411,0.7591240875912408
05/24/2020,covid,242,500,500,0.484
05/24/2020,covid-19,268,500,500,0.536
05/24/2020,lockdown,314,499,499,0.6292585170340681
05/24/2020,lysol,44,60,60,0.7333333333333333
05/24/2020,pandemic,286,500,500,0.572
05/24/2020,quarantine,280,500,500,0.56
05/24/2020,vaccine,318,431,431,0.7378190255220418
05/25/2020,covid,251,500,500,0.502
05/25/2020,covid-19,256,499,499,0.5130260521042084
05/25/2020,lockdown,285,500,500,0.57
05/25/2020,lysol,41,51,51,0.803921568627451
05/25/2020,pandemic,299,500,500,0.598
05/25/2020,quarantine,277,500,500,0.554
05/25/2020,vaccine,280,373,373,0.7506702412868632
05/26/2020,covid,277,500,500,0.554
05/26/2020,covid-19,285,500,500,0.57
05/26/2020,lockdown,292,500,500,0.584
05/26/2020,lysol,39,59,59,0.6610169491525424
05/26/2020,pandemic,314,500,500,0.628
05/26/2020,quarantine,280,500,500,0.56
05/26/2020,vaccine,287,390,390,0.735897435897436
05/27/2020,covid,275,500,500,0.55
05/27/2020,covid-19,276,500,500,0.552
05/27/2020,lockdown,297,500,500,0.594
05/27/2020,lysol,43,53,53,0.8113207547169812
05/27/2020,pandemic,283,500,500,0.566
05/27/2020,quarantine,289,500,500,0.578
05/27/2020,vaccine,311,402,402,0.7736318407960199
05/28/2020,covid,297,500,500,0.594
05/28/2020,covid-19,306,500,500,0.612
05/28/2020,lockdown,312,499,499,0.625250501002004
05/28/2020,lysol,34,46,46,0.7391304347826086
05/28/2020,pandemic,299,500,500,0.598
05/28/2020,quarantine,295,500,500,0.59
05/28/2020,vaccine,250,329,329,0.7598784194528876
05/29/2020,lysol,31,43,43,0.7209302325581395
05/29/2020,vaccine,212,278,278,0.762589928057554
06/01/2020,covid,249,500,500,0.498
06/01/2020,covid-19,233,500,500,0.466
06/01/2020,lockdown,177,334,334,0.5299401197604791
06/01/2020,lysol,7,9,9,0.7777777777777778
06/01/2020,pandemic,235,500,500,0.47
06/01/2020,quarantine,254,500,500,0.508
06/01/2020,vaccine,22,24,24,0.9166666666666666
06/02/2020,covid,255,500,500,0.51
06/02/2020,covid-19,249,500,500,0.498
06/02/2020,lockdown,217,403,403,0.5384615384615384
06/02/2020,lysol,14,19,19,0.7368421052631579
06/02/2020,pandemic,255,500,500,0.51
06/02/2020,quarantine,247,500,500,0.494
06/02/2020,vaccine,145,189,189,0.7671957671957672
06/03/2020,covid,266,500,500,0.532
06/03/2020,covid-19,259,500,500,0.518
06/03/2020,lockdown,200,343,343,0.5830903790087464
06/03/2020,lysol,22,25,25,0.88
06/03/2020,pandemic,258,500,500,0.516
06/03/2020,quarantine,254,500,500,0.508
06/03/2020,vaccine,159,203,203,0.7832512315270936
06/04/2020,covid,260,500,500,0.52
06/04/2020,covid-19,268,500,500,0.536
06/04/2020,lockdown,154,300,300,0.5133333333333333
06/04/2020,lysol,28,33,33,0.8484848484848485
06/04/2020,pandemic,262,500,500,0.524
06/04/2020,quarantine,267,500,500,0.534
06/04/2020,vaccine,142,184,184,0.7717391304347826
06/05/2020,covid,255,500,500,0.51
06/05/2020,covid-19,281,500,500,0.562
06/05/2020,lockdown,199,334,334,0.5958083832335329
06/05/2020,lysol,22,26,26,0.8461538461538461
06/05/2020,pandemic,266,500,500,0.532
06/05/2020,quarantine,265,500,500,0.53
06/05/2020,vaccine,148,193,193,0.7668393782383419
06/06/2020,covid,250,500,500,0.5
06/06/2020,covid-19,256,500,500,0.512
06/06/2020,lockdown,170,310,310,0.5483870967741935
06/06/2020,lysol,21,26,26,0.8076923076923077
06/06/2020,pandemic,268,500,500,0.536
06/06/2020,quarantine,283,500,500,0.566
06/06/2020,vaccine,158,200,200,0.79
06/07/2020,covid,228,500,500,0.456
06/07/2020,covid-19,243,500,500,0.486
06/07/2020,lockdown,122,245,245,0.49795918367346936
06/07/2020,lysol,19,25,25,0.76
06/07/2020,pandemic,247,500,500,0.494
06/07/2020,quarantine,287,500,500,0.574
06/07/2020,vaccine,165,206,206,0.8009708737864077
06/08/2020,covid,256,500,500,0.512
06/08/2020,covid-19,267,500,500,0.534
06/08/2020,lockdown,184,305,305,0.6032786885245902
06/08/2020,lysol,42,50,50,0.84
06/08/2020,pandemic,295,500,500,0.59
06/08/2020,quarantine,286,500,500,0.572
06/08/2020,vaccine,169,208,208,0.8125
06/09/2020,covid,266,500,500,0.532
06/09/2020,covid-19,258,500,500,0.516
06/09/2020,lockdown,159,278,278,0.5719424460431655
06/09/2020,lysol,23,30,30,0.7666666666666667
06/09/2020,pandemic,271,500,500,0.542
06/09/2020,quarantine,279,500,500,0.558
06/09/2020,vaccine,141,176,176,0.8011363636363636
06/10/2020,covid,278,500,500,0.556
06/10/2020,covid-19,282,500,500,0.564
06/10/2020,lockdown,166,281,281,0.5907473309608541
06/10/2020,lysol,36,43,43,0.8372093023255814
06/10/2020,pandemic,296,500,500,0.592
06/10/2020,quarantine,277,500,500,0.554
06/10/2020,vaccine,164,224,224,0.7321428571428571
06/11/2020,covid,280,499,499,0.561122244488978
06/11/2020,covid-19,264,500,500,0.528
06/11/2020,lockdown,195,322,322,0.6055900621118012
06/11/2020,lysol,31,32,32,0.96875
06/11/2020,pandemic,278,500,500,0.556
06/11/2020,quarantine,298,500,500,0.596
06/11/2020,vaccine,164,222,222,0.7387387387387387
06/12/2020,covid,280,500,500,0.56
06/12/2020,covid-19,292,500,500,0.584
06/12/2020,lockdown,182,295,295,0.6169491525423729
06/12/2020,lysol,43,51,51,0.8431372549019608
06/12/2020,pandemic,291,500,500,0.582
06/12/2020,quarantine,261,500,500,0.522
06/12/2020,vaccine,190,238,238,0.7983193277310925
06/13/2020,covid,274,500,500,0.548
06/13/2020,covid-19,277,500,500,0.554
06/13/2020,lockdown,195,325,325,0.6
06/13/2020,lysol,37,45,45,0.8222222222222222
06/13/2020,pandemic,286,500,500,0.572
06/13/2020,quarantine,274,500,500,0.548
06/13/2020,vaccine,165,219,219,0.7534246575342466
06/14/2020,covid,286,500,500,0.572
06/14/2020,covid-19,283,499,499,0.5671342685370742
06/14/2020,lockdown,160,265,265,0.6037735849056604
06/14/2020,lysol,34,41,41,0.8292682926829268
06/14/2020,pandemic,300,500,500,0.6
06/14/2020,quarantine,292,500,500,0.584
06/14/2020,vaccine,196,254,254,0.7716535433070866
06/15/2020,covid,260,500,500,0.52
06/15/2020,covid-19,270,500,500,0.54
06/15/2020,lockdown,175,278,278,0.6294964028776978
06/15/2020,lysol,27,38,38,0.7105263157894737
06/15/2020,pandemic,287,500,500,0.574
06/15/2020,quarantine,277,500,500,0.554
06/15/2020,vaccine,196,257,257,0.7626459143968871
06/16/2020,covid,279,500,500,0.558
06/16/2020,covid-19,256,500,500,0.512
06/16/2020,lockdown,172,293,293,0.5870307167235495
06/16/2020,lysol,31,34,34,0.9117647058823529
06/16/2020,pandemic,289,500,500,0.578
06/16/2020,quarantine,276,500,500,0.552
06/16/2020,vaccine,404,500,500,0.808
06/17/2020,covid,275,500,500,0.55
06/17/2020,covid-19,266,500,500,0.532
06/17/2020,lockdown,183,291,291,0.6288659793814433
06/17/2020,lysol,39,43,43,0.9069767441860465
06/17/2020,pandemic,277,500,500,0.554
06/17/2020,quarantine,268,500,500,0.536
06/17/2020,vaccine,387,478,478,0.8096234309623431
06/18/2020,covid,281,500,500,0.562
06/18/2020,covid-19,280,500,500,0.56
06/18/2020,lockdown,148,263,263,0.5627376425855514
06/18/2020,lysol,32,36,36,0.8888888888888888
06/18/2020,pandemic,296,500,500,0.592
06/18/2020,quarantine,254,500,500,0.508
06/18/2020,vaccine,245,313,313,0.7827476038338658
06/19/2020,covid,260,500,500,0.52
06/19/2020,covid-19,265,500,500,0.53
06/19/2020,lockdown,189,313,313,0.6038338658146964
06/19/2020,lysol,51,60,60,0.85
06/19/2020,pandemic,287,500,500,0.574
06/19/2020,quarantine,270,500,500,0.54
06/19/2020,vaccine,260,334,334,0.7784431137724551
06/20/2020,covid,257,500,500,0.514
06/20/2020,covid-19,248,500,500,0.496
06/20/2020,lockdown,180,258,258,0.6976744186046512
06/20/2020,lysol,34,38,38,0.8947368421052632
06/20/2020,pandemic,298,500,500,0.596
06/20/2020,quarantine,268,500,500,0.536
06/20/2020,vaccine,198,261,261,0.7586206896551724
06/21/2020,covid,263,500,500,0.526
06/21/2020,covid-19,274,500,500,0.548
06/21/2020,lockdown,141,214,214,0.6588785046728972
06/21/2020,lysol,38,41,41,0.926829268292683
06/21/2020,pandemic,287,500,500,0.574
06/21/2020,quarantine,273,500,500,0.546
06/21/2020,vaccine,120,155,155,0.7741935483870968
06/22/2020,covid,258,500,500,0.516
06/22/2020,covid-19,272,500,500,0.544
06/22/2020,lockdown,150,239,239,0.6276150627615062
06/22/2020,lysol,37,45,45,0.8222222222222222
06/22/2020,pandemic,286,500,500,0.572
06/22/2020,quarantine,305,500,500,0.61
06/22/2020,vaccine,191,249,249,0.7670682730923695
06/23/2020,covid,273,500,500,0.546
06/23/2020,covid-19,269,500,500,0.538
06/23/2020,lockdown,186,279,279,0.6666666666666666
06/23/2020,lysol,25,29,29,0.8620689655172413
06/23/2020,pandemic,293,500,500,0.586
06/23/2020,quarantine,268,500,500,0.536
06/23/2020,vaccine,305,395,395,0.7721518987341772
06/24/2020,covid,259,500,500,0.518
06/24/2020,covid-19,278,500,500,0.556
06/24/2020,lockdown,162,270,270,0.6
06/24/2020,lysol,40,48,48,0.8333333333333334
06/24/2020,pandemic,290,500,500,0.58
06/24/2020,quarantine,277,500,500,0.554
06/24/2020,vaccine,254,354,354,0.7175141242937854
06/25/2020,covid,261,500,500,0.522
06/25/2020,covid-19,300,500,500,0.6
06/25/2020,lockdown,175,275,275,0.6363636363636364
06/25/2020,lysol,41,53,53,0.7735849056603774
06/25/2020,pandemic,290,500,500,0.58
06/25/2020,quarantine,290,500,500,0.58
06/25/2020,vaccine,311,406,406,0.7660098522167488
06/26/2020,covid,259,499,499,0.5190380761523046
06/26/2020,covid-19,276,500,500,0.552
06/26/2020,lockdown,245,388,388,0.6314432989690721
06/26/2020,lysol,63,71,71,0.8873239436619719
06/26/2020,pandemic,301,500,500,0.602
06/26/2020,quarantine,259,500,500,0.518
06/26/2020,vaccine,363,481,481,0.7546777546777547
06/27/2020,covid,265,500,500,0.53
06/27/2020,covid-19,254,500,500,0.508
06/27/2020,lockdown,168,272,272,0.6176470588235294
06/27/2020,lysol,43,51,51,0.8431372549019608
06/27/2020,pandemic,289,500,500,0.578
06/27/2020,quarantine,276,500,500,0.552
06/27/2020,vaccine,292,396,396,0.7373737373737373
06/28/2020,covid,244,500,500,0.488
06/28/2020,covid-19,271,500,500,0.542
06/28/2020,lockdown,175,262,262,0.6679389312977099
06/28/2020,lysol,29,44,44,0.6590909090909091
06/28/2020,pandemic,280,500,500,0.56
06/28/2020,quarantine,288,500,500,0.576
06/28/2020,vaccine,302,371,371,0.8140161725067385
06/29/2020,lockdown,231,382,382,0.6047120418848168
06/29/2020,lysol,22,41,41,0.5365853658536586
06/29/2020,vaccine,265,348,348,0.7614942528735632
